<metadata xml:lang="en"><Esri><CreaDate>20201206</CreaDate><CreaTime>19302100</CreaTime><ArcGISFormat>1.0</ArcGISFormat><SyncOnce>FALSE</SyncOnce><DataProperties><lineage><Process ToolSource="c:\program files\arcgis\pro\Resources\ArcToolbox\toolboxes\Conversion Tools.tbx\FeatureClassToFeatureClass" Date="20201116" Time="223723">FeatureClassToFeatureClass tl_2017_04_bg C:\Users\HP\Desktop\Geovis_labs\finalproj AZ_EJ_cbg.shp # "STATEFP "STATEFP" true true false 2 Text 0 0,First,#,tl_2017_04_bg,tl_2017_04_bg.STATEFP,0,2;COUNTYFP "COUNTYFP" true true false 3 Text 0 0,First,#,tl_2017_04_bg,tl_2017_04_bg.COUNTYFP,0,3;TRACTCE "TRACTCE" true true false 6 Text 0 0,First,#,tl_2017_04_bg,tl_2017_04_bg.TRACTCE,0,6;BLKGRPCE "BLKGRPCE" true true false 1 Text 0 0,First,#,tl_2017_04_bg,tl_2017_04_bg.BLKGRPCE,0,1;GEOID "GEOID" true true false 12 Text 0 0,First,#,tl_2017_04_bg,tl_2017_04_bg.GEOID,0,12;NAMELSAD "NAMELSAD" true true false 13 Text 0 0,First,#,tl_2017_04_bg,tl_2017_04_bg.NAMELSAD,0,13;MTFCC "MTFCC" true true false 5 Text 0 0,First,#,tl_2017_04_bg,tl_2017_04_bg.MTFCC,0,5;FUNCSTAT "FUNCSTAT" true true false 1 Text 0 0,First,#,tl_2017_04_bg,tl_2017_04_bg.FUNCSTAT,0,1;ALAND "ALAND" true true false 14 Double 0 14,First,#,tl_2017_04_bg,tl_2017_04_bg.ALAND,-1,-1;AWATER "AWATER" true true false 14 Double 0 14,First,#,tl_2017_04_bg,tl_2017_04_bg.AWATER,-1,-1;INTPTLAT "INTPTLAT" true true false 11 Text 0 0,First,#,tl_2017_04_bg,tl_2017_04_bg.INTPTLAT,0,11;INTPTLON "INTPTLON" true true false 12 Text 0 0,First,#,tl_2017_04_bg,tl_2017_04_bg.INTPTLON,0,12;GEOID_sh "GEOID_sh" true true false 254 Text 0 0,First,#,tl_2017_04_bg,tl_2017_04_bg.GEOID_sh,0,254;OID_ "OID" false true false 4 Long 0 9,First,#,tl_2017_04_bg,AZ_EJSCREEN_dbase.OID,-1,-1;OBJECTID "OBJECTID" true true false 10 Long 0 10,First,#,tl_2017_04_bg,AZ_EJSCREEN_dbase.OBJECTID,-1,-1;ID "ID" true true false 19 Double 0 0,First,#,tl_2017_04_bg,AZ_EJSCREEN_dbase.ID,-1,-1;ST_ABBREV "ST_ABBREV" true true false 254 Text 0 0,First,#,tl_2017_04_bg,AZ_EJSCREEN_dbase.ST_ABBREV,0,254;ACSTOTPOP "ACSTOTPOP" true true false 10 Long 0 10,First,#,tl_2017_04_bg,AZ_EJSCREEN_dbase.ACSTOTPOP,-1,-1;D_PM25_2 "D_PM25_2" true true false 19 Double 0 0,First,#,tl_2017_04_bg,AZ_EJSCREEN_dbase.D_PM25_2,-1,-1;B_PM25_D2 "B_PM25_D2" true true false 10 Long 0 10,First,#,tl_2017_04_bg,AZ_EJSCREEN_dbase.B_PM25_D2,-1,-1;P_PM25_D2 "P_PM25_D2" true true false 10 Long 0 10,First,#,tl_2017_04_bg,AZ_EJSCREEN_dbase.P_PM25_D2,-1,-1;D_OZONE_2 "D_OZONE_2" true true false 19 Double 0 0,First,#,tl_2017_04_bg,AZ_EJSCREEN_dbase.D_OZONE_2,-1,-1;B_OZONE_D2 "B_OZONE_D2" true true false 10 Long 0 10,First,#,tl_2017_04_bg,AZ_EJSCREEN_dbase.B_OZONE_D2,-1,-1;P_OZONE_D2 "P_OZONE_D2" true true false 10 Long 0 10,First,#,tl_2017_04_bg,AZ_EJSCREEN_dbase.P_OZONE_D2,-1,-1;D_DSLPM_2 "D_DSLPM_2" true true false 19 Double 0 0,First,#,tl_2017_04_bg,AZ_EJSCREEN_dbase.D_DSLPM_2,-1,-1;B_DSLPM_D2 "B_DSLPM_D2" true true false 10 Long 0 10,First,#,tl_2017_04_bg,AZ_EJSCREEN_dbase.B_DSLPM_D2,-1,-1;P_DSLPM_D2 "P_DSLPM_D2" true true false 10 Long 0 10,First,#,tl_2017_04_bg,AZ_EJSCREEN_dbase.P_DSLPM_D2,-1,-1;D_CANCR_2 "D_CANCR_2" true true false 19 Double 0 0,First,#,tl_2017_04_bg,AZ_EJSCREEN_dbase.D_CANCR_2,-1,-1;B_CANCR_D2 "B_CANCR_D2" true true false 10 Long 0 10,First,#,tl_2017_04_bg,AZ_EJSCREEN_dbase.B_CANCR_D2,-1,-1;P_CANCR_D2 "P_CANCR_D2" true true false 10 Long 0 10,First,#,tl_2017_04_bg,AZ_EJSCREEN_dbase.P_CANCR_D2,-1,-1;D_RESP_2 "D_RESP_2" true true false 19 Double 0 0,First,#,tl_2017_04_bg,AZ_EJSCREEN_dbase.D_RESP_2,-1,-1;B_RESP_D2 "B_RESP_D2" true true false 10 Long 0 10,First,#,tl_2017_04_bg,AZ_EJSCREEN_dbase.B_RESP_D2,-1,-1;P_RESP_D2 "P_RESP_D2" true true false 10 Long 0 10,First,#,tl_2017_04_bg,AZ_EJSCREEN_dbase.P_RESP_D2,-1,-1;D_PTRAF_2 "D_PTRAF_2" true true false 19 Double 0 0,First,#,tl_2017_04_bg,AZ_EJSCREEN_dbase.D_PTRAF_2,-1,-1;B_PTRAF_D2 "B_PTRAF_D2" true true false 10 Long 0 10,First,#,tl_2017_04_bg,AZ_EJSCREEN_dbase.B_PTRAF_D2,-1,-1;P_PTRAF_D2 "P_PTRAF_D2" true true false 10 Long 0 10,First,#,tl_2017_04_bg,AZ_EJSCREEN_dbase.P_PTRAF_D2,-1,-1;D_LDPNT_2 "D_LDPNT_2" true true false 19 Double 0 0,First,#,tl_2017_04_bg,AZ_EJSCREEN_dbase.D_LDPNT_2,-1,-1;B_LDPNT_D2 "B_LDPNT_D2" true true false 10 Long 0 10,First,#,tl_2017_04_bg,AZ_EJSCREEN_dbase.B_LDPNT_D2,-1,-1;P_LDPNT_D2 "P_LDPNT_D2" true true false 10 Long 0 10,First,#,tl_2017_04_bg,AZ_EJSCREEN_dbase.P_LDPNT_D2,-1,-1;D_PNPL_2 "D_PNPL_2" true true false 19 Double 0 0,First,#,tl_2017_04_bg,AZ_EJSCREEN_dbase.D_PNPL_2,-1,-1;B_PNPL_D2 "B_PNPL_D2" true true false 10 Long 0 10,First,#,tl_2017_04_bg,AZ_EJSCREEN_dbase.B_PNPL_D2,-1,-1;P_PNPL_D2 "P_PNPL_D2" true true false 10 Long 0 10,First,#,tl_2017_04_bg,AZ_EJSCREEN_dbase.P_PNPL_D2,-1,-1;D_PRMP_2 "D_PRMP_2" true true false 19 Double 0 0,First,#,tl_2017_04_bg,AZ_EJSCREEN_dbase.D_PRMP_2,-1,-1;B_PRMP_D2 "B_PRMP_D2" true true false 10 Long 0 10,First,#,tl_2017_04_bg,AZ_EJSCREEN_dbase.B_PRMP_D2,-1,-1;P_PRMP_D2 "P_PRMP_D2" true true false 10 Long 0 10,First,#,tl_2017_04_bg,AZ_EJSCREEN_dbase.P_PRMP_D2,-1,-1;D_PTSDF_2 "D_PTSDF_2" true true false 19 Double 0 0,First,#,tl_2017_04_bg,AZ_EJSCREEN_dbase.D_PTSDF_2,-1,-1;B_PTSDF_D2 "B_PTSDF_D2" true true false 10 Long 0 10,First,#,tl_2017_04_bg,AZ_EJSCREEN_dbase.B_PTSDF_D2,-1,-1;P_PTSDF_D2 "P_PTSDF_D2" true true false 10 Long 0 10,First,#,tl_2017_04_bg,AZ_EJSCREEN_dbase.P_PTSDF_D2,-1,-1;D_PWDIS_2 "D_PWDIS_2" true true false 19 Double 0 0,First,#,tl_2017_04_bg,AZ_EJSCREEN_dbase.D_PWDIS_2,-1,-1;B_PWDIS_D2 "B_PWDIS_D2" true true false 10 Long 0 10,First,#,tl_2017_04_bg,AZ_EJSCREEN_dbase.B_PWDIS_D2,-1,-1;P_PWDIS_D2 "P_PWDIS_D2" true true false 10 Long 0 10,First,#,tl_2017_04_bg,AZ_EJSCREEN_dbase.P_PWDIS_D2,-1,-1;PM25 "PM25" true true false 19 Double 0 0,First,#,tl_2017_04_bg,AZ_EJSCREEN_dbase.PM25,-1,-1;B_PM25 "B_PM25" true true false 10 Long 0 10,First,#,tl_2017_04_bg,AZ_EJSCREEN_dbase.B_PM25,-1,-1;P_PM25 "P_PM25" true true false 10 Long 0 10,First,#,tl_2017_04_bg,AZ_EJSCREEN_dbase.P_PM25,-1,-1;OZONE "OZONE" true true false 19 Double 0 0,First,#,tl_2017_04_bg,AZ_EJSCREEN_dbase.OZONE,-1,-1;B_OZONE "B_OZONE" true true false 10 Long 0 10,First,#,tl_2017_04_bg,AZ_EJSCREEN_dbase.B_OZONE,-1,-1;P_OZONE "P_OZONE" true true false 10 Long 0 10,First,#,tl_2017_04_bg,AZ_EJSCREEN_dbase.P_OZONE,-1,-1;DSLPM "DSLPM" true true false 19 Double 0 0,First,#,tl_2017_04_bg,AZ_EJSCREEN_dbase.DSLPM,-1,-1;B_DSLPM "B_DSLPM" true true false 10 Long 0 10,First,#,tl_2017_04_bg,AZ_EJSCREEN_dbase.B_DSLPM,-1,-1;P_DSLPM "P_DSLPM" true true false 10 Long 0 10,First,#,tl_2017_04_bg,AZ_EJSCREEN_dbase.P_DSLPM,-1,-1;CANCER "CANCER" true true false 19 Double 0 0,First,#,tl_2017_04_bg,AZ_EJSCREEN_dbase.CANCER,-1,-1;B_CANCR "B_CANCR" true true false 10 Long 0 10,First,#,tl_2017_04_bg,AZ_EJSCREEN_dbase.B_CANCR,-1,-1;P_CANCR "P_CANCR" true true false 10 Long 0 10,First,#,tl_2017_04_bg,AZ_EJSCREEN_dbase.P_CANCR,-1,-1;RESP "RESP" true true false 19 Double 0 0,First,#,tl_2017_04_bg,AZ_EJSCREEN_dbase.RESP,-1,-1;B_RESP "B_RESP" true true false 10 Long 0 10,First,#,tl_2017_04_bg,AZ_EJSCREEN_dbase.B_RESP,-1,-1;P_RESP "P_RESP" true true false 10 Long 0 10,First,#,tl_2017_04_bg,AZ_EJSCREEN_dbase.P_RESP,-1,-1;PTRAF "PTRAF" true true false 19 Double 0 0,First,#,tl_2017_04_bg,AZ_EJSCREEN_dbase.PTRAF,-1,-1;B_PTRAF "B_PTRAF" true true false 10 Long 0 10,First,#,tl_2017_04_bg,AZ_EJSCREEN_dbase.B_PTRAF,-1,-1;P_PTRAF "P_PTRAF" true true false 10 Long 0 10,First,#,tl_2017_04_bg,AZ_EJSCREEN_dbase.P_PTRAF,-1,-1;PRE1960PCT "PRE1960PCT" true true false 19 Double 0 0,First,#,tl_2017_04_bg,AZ_EJSCREEN_dbase.PRE1960PCT,-1,-1;B_LDPNT "B_LDPNT" true true false 10 Long 0 10,First,#,tl_2017_04_bg,AZ_EJSCREEN_dbase.B_LDPNT,-1,-1;P_LDPNT "P_LDPNT" true true false 10 Long 0 10,First,#,tl_2017_04_bg,AZ_EJSCREEN_dbase.P_LDPNT,-1,-1;PNPL "PNPL" true true false 19 Double 0 0,First,#,tl_2017_04_bg,AZ_EJSCREEN_dbase.PNPL,-1,-1;B_PNPL "B_PNPL" true true false 10 Long 0 10,First,#,tl_2017_04_bg,AZ_EJSCREEN_dbase.B_PNPL,-1,-1;P_PNPL "P_PNPL" true true false 10 Long 0 10,First,#,tl_2017_04_bg,AZ_EJSCREEN_dbase.P_PNPL,-1,-1;PRMP "PRMP" true true false 19 Double 0 0,First,#,tl_2017_04_bg,AZ_EJSCREEN_dbase.PRMP,-1,-1;B_PRMP "B_PRMP" true true false 10 Long 0 10,First,#,tl_2017_04_bg,AZ_EJSCREEN_dbase.B_PRMP,-1,-1;P_PRMP "P_PRMP" true true false 10 Long 0 10,First,#,tl_2017_04_bg,AZ_EJSCREEN_dbase.P_PRMP,-1,-1;PTSDF "PTSDF" true true false 19 Double 0 0,First,#,tl_2017_04_bg,AZ_EJSCREEN_dbase.PTSDF,-1,-1;B_PTSDF "B_PTSDF" true true false 10 Long 0 10,First,#,tl_2017_04_bg,AZ_EJSCREEN_dbase.B_PTSDF,-1,-1;P_PTSDF "P_PTSDF" true true false 10 Long 0 10,First,#,tl_2017_04_bg,AZ_EJSCREEN_dbase.P_PTSDF,-1,-1;PWDIS "PWDIS" true true false 19 Double 0 0,First,#,tl_2017_04_bg,AZ_EJSCREEN_dbase.PWDIS,-1,-1;B_PWDIS "B_PWDIS" true true false 10 Long 0 10,First,#,tl_2017_04_bg,AZ_EJSCREEN_dbase.B_PWDIS,-1,-1;P_PWDIS "P_PWDIS" true true false 10 Long 0 10,First,#,tl_2017_04_bg,AZ_EJSCREEN_dbase.P_PWDIS,-1,-1;VULEOPCT "VULEOPCT" true true false 19 Double 0 0,First,#,tl_2017_04_bg,AZ_EJSCREEN_dbase.VULEOPCT,-1,-1;B_VULEOPCT "B_VULEOPCT" true true false 10 Long 0 10,First,#,tl_2017_04_bg,AZ_EJSCREEN_dbase.B_VULEOPCT,-1,-1;P_VULEOPCT "P_VULEOPCT" true true false 10 Long 0 10,First,#,tl_2017_04_bg,AZ_EJSCREEN_dbase.P_VULEOPCT,-1,-1;VULSVI6PCT "VULSVI6PCT" true true false 19 Double 0 0,First,#,tl_2017_04_bg,AZ_EJSCREEN_dbase.VULSVI6PCT,-1,-1;B_VSVI6PCT "B_VSVI6PCT" true true false 10 Long 0 10,First,#,tl_2017_04_bg,AZ_EJSCREEN_dbase.B_VSVI6PCT,-1,-1;P_VSVI6PCT "P_VSVI6PCT" true true false 10 Long 0 10,First,#,tl_2017_04_bg,AZ_EJSCREEN_dbase.P_VSVI6PCT,-1,-1;MINORPCT "MINORPCT" true true false 19 Double 0 0,First,#,tl_2017_04_bg,AZ_EJSCREEN_dbase.MINORPCT,-1,-1;B_MINORPCT "B_MINORPCT" true true false 10 Long 0 10,First,#,tl_2017_04_bg,AZ_EJSCREEN_dbase.B_MINORPCT,-1,-1;P_MINORPCT "P_MINORPCT" true true false 10 Long 0 10,First,#,tl_2017_04_bg,AZ_EJSCREEN_dbase.P_MINORPCT,-1,-1;LOWINCPCT "LOWINCPCT" true true false 19 Double 0 0,First,#,tl_2017_04_bg,AZ_EJSCREEN_dbase.LOWINCPCT,-1,-1;B_LWINCPCT "B_LWINCPCT" true true false 10 Long 0 10,First,#,tl_2017_04_bg,AZ_EJSCREEN_dbase.B_LWINCPCT,-1,-1;P_LWINCPCT "P_LWINCPCT" true true false 10 Long 0 10,First,#,tl_2017_04_bg,AZ_EJSCREEN_dbase.P_LWINCPCT,-1,-1;LINGISOPCT "LINGISOPCT" true true false 19 Double 0 0,First,#,tl_2017_04_bg,AZ_EJSCREEN_dbase.LINGISOPCT,-1,-1;B_LNGISPCT "B_LNGISPCT" true true false 10 Long 0 10,First,#,tl_2017_04_bg,AZ_EJSCREEN_dbase.B_LNGISPCT,-1,-1;P_LNGISPCT "P_LNGISPCT" true true false 10 Long 0 10,First,#,tl_2017_04_bg,AZ_EJSCREEN_dbase.P_LNGISPCT,-1,-1;LESSHSPCT "LESSHSPCT" true true false 19 Double 0 0,First,#,tl_2017_04_bg,AZ_EJSCREEN_dbase.LESSHSPCT,-1,-1;B_LESHSPCT "B_LESHSPCT" true true false 10 Long 0 10,First,#,tl_2017_04_bg,AZ_EJSCREEN_dbase.B_LESHSPCT,-1,-1;P_LESHSPCT "P_LESHSPCT" true true false 10 Long 0 10,First,#,tl_2017_04_bg,AZ_EJSCREEN_dbase.P_LESHSPCT,-1,-1;UNDER5PCT "UNDER5PCT" true true false 19 Double 0 0,First,#,tl_2017_04_bg,AZ_EJSCREEN_dbase.UNDER5PCT,-1,-1;B_UNDR5PCT "B_UNDR5PCT" true true false 10 Long 0 10,First,#,tl_2017_04_bg,AZ_EJSCREEN_dbase.B_UNDR5PCT,-1,-1;P_UNDR5PCT "P_UNDR5PCT" true true false 10 Long 0 10,First,#,tl_2017_04_bg,AZ_EJSCREEN_dbase.P_UNDR5PCT,-1,-1;OVER64PCT "OVER64PCT" true true false 19 Double 0 0,First,#,tl_2017_04_bg,AZ_EJSCREEN_dbase.OVER64PCT,-1,-1;B_OVR64PCT "B_OVR64PCT" true true false 10 Long 0 10,First,#,tl_2017_04_bg,AZ_EJSCREEN_dbase.B_OVR64PCT,-1,-1;P_OVR64PCT "P_OVR64PCT" true true false 10 Long 0 10,First,#,tl_2017_04_bg,AZ_EJSCREEN_dbase.P_OVR64PCT,-1,-1;Shape_Leng "Shape_Leng" true true false 19 Double 0 0,First,#,tl_2017_04_bg,AZ_EJSCREEN_dbase.Shape_Leng,-1,-1;Shape_Area "Shape_Area" true true false 19 Double 0 0,First,#,tl_2017_04_bg,AZ_EJSCREEN_dbase.Shape_Area,-1,-1;GEOID_1 "GEOID" true true false 254 Text 0 0,First,#,tl_2017_04_bg,AZ_EJSCREEN_dbase.GEOID,0,254" #</Process><Process ToolSource="c:\program files\arcgis\pro\Resources\ArcToolbox\Toolboxes\Data Management Tools.tbx\UpdateSchema" Date="20201206" Time="180832">UpdateSchema "CIMDATA=&lt;CIMStandardDataConnection xsi:type='typens:CIMStandardDataConnection' xmlns:xsi='http://www.w3.org/2001/XMLSchema-instance' xmlns:xs='http://www.w3.org/2001/XMLSchema' xmlns:typens='http://www.esri.com/schemas/ArcGIS/2.5.0'&gt;&lt;WorkspaceConnectionString&gt;DATABASE=C:\Users\HP\Desktop\Geovis_labs\finalproj&lt;/WorkspaceConnectionString&gt;&lt;WorkspaceFactory&gt;Shapefile&lt;/WorkspaceFactory&gt;&lt;Dataset&gt;AZ_EJ_cbg&lt;/Dataset&gt;&lt;DatasetType&gt;esriDTFeatureClass&lt;/DatasetType&gt;&lt;/CIMStandardDataConnection&gt;" &lt;operationSequence&gt;&lt;workflow&gt;&lt;DeleteField&gt;&lt;field_name&gt;STATEFP&lt;/field_name&gt;&lt;field_name&gt;COUNTYFP&lt;/field_name&gt;&lt;field_name&gt;MTFCC&lt;/field_name&gt;&lt;field_name&gt;FUNCSTAT&lt;/field_name&gt;&lt;field_name&gt;INTPTLAT&lt;/field_name&gt;&lt;field_name&gt;INTPTLON&lt;/field_name&gt;&lt;field_name&gt;OID_&lt;/field_name&gt;&lt;field_name&gt;ST_ABBREV&lt;/field_name&gt;&lt;field_name&gt;B_PM25_D2&lt;/field_name&gt;&lt;field_name&gt;P_PM25_D2&lt;/field_name&gt;&lt;field_name&gt;B_OZONE_D2&lt;/field_name&gt;&lt;field_name&gt;P_OZONE_D2&lt;/field_name&gt;&lt;field_name&gt;B_DSLPM_D2&lt;/field_name&gt;&lt;field_name&gt;P_DSLPM_D2&lt;/field_name&gt;&lt;field_name&gt;B_CANCR_D2&lt;/field_name&gt;&lt;field_name&gt;P_CANCR_D2&lt;/field_name&gt;&lt;field_name&gt;B_RESP_D2&lt;/field_name&gt;&lt;field_name&gt;P_RESP_D2&lt;/field_name&gt;&lt;field_name&gt;B_PTRAF_D2&lt;/field_name&gt;&lt;field_name&gt;P_PTRAF_D2&lt;/field_name&gt;&lt;field_name&gt;B_LDPNT_D2&lt;/field_name&gt;&lt;field_name&gt;P_LDPNT_D2&lt;/field_name&gt;&lt;field_name&gt;B_PNPL_D2&lt;/field_name&gt;&lt;field_name&gt;P_PNPL_D2&lt;/field_name&gt;&lt;field_name&gt;B_PRMP_D2&lt;/field_name&gt;&lt;field_name&gt;P_PRMP_D2&lt;/field_name&gt;&lt;field_name&gt;B_PTSDF_D2&lt;/field_name&gt;&lt;field_name&gt;P_PTSDF_D2&lt;/field_name&gt;&lt;field_name&gt;B_PWDIS_D2&lt;/field_name&gt;&lt;field_name&gt;P_PWDIS_D2&lt;/field_name&gt;&lt;field_name&gt;B_PM25&lt;/field_name&gt;&lt;field_name&gt;P_PM25&lt;/field_name&gt;&lt;field_name&gt;B_OZONE&lt;/field_name&gt;&lt;field_name&gt;P_OZONE&lt;/field_name&gt;&lt;field_name&gt;B_DSLPM&lt;/field_name&gt;&lt;field_name&gt;P_DSLPM&lt;/field_name&gt;&lt;field_name&gt;B_CANCR&lt;/field_name&gt;&lt;field_name&gt;P_CANCR&lt;/field_name&gt;&lt;field_name&gt;B_RESP&lt;/field_name&gt;&lt;field_name&gt;P_RESP&lt;/field_name&gt;&lt;field_name&gt;B_PTRAF&lt;/field_name&gt;&lt;field_name&gt;P_PTRAF&lt;/field_name&gt;&lt;field_name&gt;B_LDPNT&lt;/field_name&gt;&lt;field_name&gt;P_LDPNT&lt;/field_name&gt;&lt;field_name&gt;B_PNPL&lt;/field_name&gt;&lt;field_name&gt;P_PNPL&lt;/field_name&gt;&lt;field_name&gt;B_PRMP&lt;/field_name&gt;&lt;field_name&gt;P_PRMP&lt;/field_name&gt;&lt;field_name&gt;B_PTSDF&lt;/field_name&gt;&lt;field_name&gt;P_PTSDF&lt;/field_name&gt;&lt;field_name&gt;B_PWDIS&lt;/field_name&gt;&lt;field_name&gt;P_PWDIS&lt;/field_name&gt;&lt;field_name&gt;B_VULEOPCT&lt;/field_name&gt;&lt;field_name&gt;P_VULEOPCT&lt;/field_name&gt;&lt;field_name&gt;B_VSVI6PCT&lt;/field_name&gt;&lt;field_name&gt;P_VSVI6PCT&lt;/field_name&gt;&lt;field_name&gt;B_MINORPCT&lt;/field_name&gt;&lt;field_name&gt;P_MINORPCT&lt;/field_name&gt;&lt;field_name&gt;B_LWINCPCT&lt;/field_name&gt;&lt;field_name&gt;P_LWINCPCT&lt;/field_name&gt;&lt;field_name&gt;B_LNGISPCT&lt;/field_name&gt;&lt;field_name&gt;P_LNGISPCT&lt;/field_name&gt;&lt;field_name&gt;B_LESHSPCT&lt;/field_name&gt;&lt;field_name&gt;P_LESHSPCT&lt;/field_name&gt;&lt;field_name&gt;B_UNDR5PCT&lt;/field_name&gt;&lt;field_name&gt;P_UNDR5PCT&lt;/field_name&gt;&lt;field_name&gt;B_OVR64PCT&lt;/field_name&gt;&lt;field_name&gt;P_OVR64PCT&lt;/field_name&gt;&lt;/DeleteField&gt;&lt;/workflow&gt;&lt;/operationSequence&gt;</Process><Process ToolSource="c:\program files\arcgis\pro\Resources\ArcToolbox\Toolboxes\Data Management Tools.tbx\UpdateSchema" Date="20201206" Time="183015">UpdateSchema "CIMDATA=&lt;CIMStandardDataConnection xsi:type='typens:CIMStandardDataConnection' xmlns:xsi='http://www.w3.org/2001/XMLSchema-instance' xmlns:xs='http://www.w3.org/2001/XMLSchema' xmlns:typens='http://www.esri.com/schemas/ArcGIS/2.5.0'&gt;&lt;WorkspaceConnectionString&gt;DATABASE=C:\Users\HP\Desktop\Geovis_labs\finalproj&lt;/WorkspaceConnectionString&gt;&lt;WorkspaceFactory&gt;Shapefile&lt;/WorkspaceFactory&gt;&lt;Dataset&gt;AZ_EJ_cbg&lt;/Dataset&gt;&lt;DatasetType&gt;esriDTFeatureClass&lt;/DatasetType&gt;&lt;/CIMStandardDataConnection&gt;" &lt;operationSequence&gt;&lt;workflow&gt;&lt;DeleteField&gt;&lt;field_name&gt;D_PM25_2&lt;/field_name&gt;&lt;field_name&gt;VULEOPCT&lt;/field_name&gt;&lt;field_name&gt;VULSVI6PCT&lt;/field_name&gt;&lt;/DeleteField&gt;&lt;/workflow&gt;&lt;/operationSequence&gt;</Process><Process ToolSource="c:\program files\arcgis\pro\Resources\ArcToolbox\toolboxes\Data Management Tools.tbx\Project" Date="20201206" Time="193022">Project AZ_EJ_cbg C:\Users\HP\Desktop\Geovis_labs\finalproj\MyProject2\MyProject2.gdb\AZ_EJ_cbg_NAD PROJCS['WGS_1984_UTM_Zone_12N',GEOGCS['GCS_WGS_1984',DATUM['D_WGS_1984',SPHEROID['WGS_1984',6378137.0,298.257223563]],PRIMEM['Greenwich',0.0],UNIT['Degree',0.0174532925199433]],PROJECTION['Transverse_Mercator'],PARAMETER['False_Easting',500000.0],PARAMETER['False_Northing',0.0],PARAMETER['Central_Meridian',-111.0],PARAMETER['Scale_Factor',0.9996],PARAMETER['Latitude_Of_Origin',0.0],UNIT['Meter',1.0]] WGS_1984_(ITRF00)_To_NAD_1983 GEOGCS['GCS_North_American_1983',DATUM['D_North_American_1983',SPHEROID['GRS_1980',6378137.0,298.257222101]],PRIMEM['Greenwich',0.0],UNIT['Degree',0.0174532925199433]] NO_PRESERVE_SHAPE # NO_VERTICAL</Process><Process ToolSource="c:\program files\arcgis\pro\Resources\ArcToolbox\toolboxes\Conversion Tools.tbx\FeatureClassToFeatureClass" Date="20201206" Time="193109">FeatureClassToFeatureClass AZ_EJ_cbg_NAD C:\Users\HP\Desktop\Geovis_labs\finalproj AZ_EJ_cbg_NAD.shp # "TRACTCE "TRACTCE" true true false 6 Text 0 0,First,#,AZ_EJ_cbg_NAD,TRACTCE,0,6;BLKGRPCE "BLKGRPCE" true true false 1 Text 0 0,First,#,AZ_EJ_cbg_NAD,BLKGRPCE,0,1;GEOID "GEOID" true true false 12 Text 0 0,First,#,AZ_EJ_cbg_NAD,GEOID,0,12;NAMELSAD "NAMELSAD" true true false 13 Text 0 0,First,#,AZ_EJ_cbg_NAD,NAMELSAD,0,13;ALAND "ALAND" true true false 8 Double 0 0,First,#,AZ_EJ_cbg_NAD,ALAND,-1,-1;AWATER "AWATER" true true false 8 Double 0 0,First,#,AZ_EJ_cbg_NAD,AWATER,-1,-1;GEOID_sh "GEOID_sh" true true false 254 Text 0 0,First,#,AZ_EJ_cbg_NAD,GEOID_sh,0,254;OBJECTID "OBJECTID" true true false 4 Long 0 0,First,#,AZ_EJ_cbg_NAD,OBJECTID,-1,-1;ID "ID" true true false 8 Double 0 0,First,#,AZ_EJ_cbg_NAD,ID,-1,-1;ACSTOTPOP "ACSTOTPOP" true true false 4 Long 0 0,First,#,AZ_EJ_cbg_NAD,ACSTOTPOP,-1,-1;D_OZONE_2 "D_OZONE_2" true true false 8 Double 0 0,First,#,AZ_EJ_cbg_NAD,D_OZONE_2,-1,-1;D_DSLPM_2 "D_DSLPM_2" true true false 8 Double 0 0,First,#,AZ_EJ_cbg_NAD,D_DSLPM_2,-1,-1;D_CANCR_2 "D_CANCR_2" true true false 8 Double 0 0,First,#,AZ_EJ_cbg_NAD,D_CANCR_2,-1,-1;D_RESP_2 "D_RESP_2" true true false 8 Double 0 0,First,#,AZ_EJ_cbg_NAD,D_RESP_2,-1,-1;D_PTRAF_2 "D_PTRAF_2" true true false 8 Double 0 0,First,#,AZ_EJ_cbg_NAD,D_PTRAF_2,-1,-1;D_LDPNT_2 "D_LDPNT_2" true true false 8 Double 0 0,First,#,AZ_EJ_cbg_NAD,D_LDPNT_2,-1,-1;D_PNPL_2 "D_PNPL_2" true true false 8 Double 0 0,First,#,AZ_EJ_cbg_NAD,D_PNPL_2,-1,-1;D_PRMP_2 "D_PRMP_2" true true false 8 Double 0 0,First,#,AZ_EJ_cbg_NAD,D_PRMP_2,-1,-1;D_PTSDF_2 "D_PTSDF_2" true true false 8 Double 0 0,First,#,AZ_EJ_cbg_NAD,D_PTSDF_2,-1,-1;D_PWDIS_2 "D_PWDIS_2" true true false 8 Double 0 0,First,#,AZ_EJ_cbg_NAD,D_PWDIS_2,-1,-1;PM25 "PM25" true true false 8 Double 0 0,First,#,AZ_EJ_cbg_NAD,PM25,-1,-1;OZONE "OZONE" true true false 8 Double 0 0,First,#,AZ_EJ_cbg_NAD,OZONE,-1,-1;DSLPM "DSLPM" true true false 8 Double 0 0,First,#,AZ_EJ_cbg_NAD,DSLPM,-1,-1;CANCER "CANCER" true true false 8 Double 0 0,First,#,AZ_EJ_cbg_NAD,CANCER,-1,-1;RESP "RESP" true true false 8 Double 0 0,First,#,AZ_EJ_cbg_NAD,RESP,-1,-1;PTRAF "PTRAF" true true false 8 Double 0 0,First,#,AZ_EJ_cbg_NAD,PTRAF,-1,-1;PRE1960PCT "PRE1960PCT" true true false 8 Double 0 0,First,#,AZ_EJ_cbg_NAD,PRE1960PCT,-1,-1;PNPL "PNPL" true true false 8 Double 0 0,First,#,AZ_EJ_cbg_NAD,PNPL,-1,-1;PRMP "PRMP" true true false 8 Double 0 0,First,#,AZ_EJ_cbg_NAD,PRMP,-1,-1;PTSDF "PTSDF" true true false 8 Double 0 0,First,#,AZ_EJ_cbg_NAD,PTSDF,-1,-1;PWDIS "PWDIS" true true false 8 Double 0 0,First,#,AZ_EJ_cbg_NAD,PWDIS,-1,-1;MINORPCT "MINORPCT" true true false 8 Double 0 0,First,#,AZ_EJ_cbg_NAD,MINORPCT,-1,-1;LOWINCPCT "LOWINCPCT" true true false 8 Double 0 0,First,#,AZ_EJ_cbg_NAD,LOWINCPCT,-1,-1;LINGISOPCT "LINGISOPCT" true true false 8 Double 0 0,First,#,AZ_EJ_cbg_NAD,LINGISOPCT,-1,-1;LESSHSPCT "LESSHSPCT" true true false 8 Double 0 0,First,#,AZ_EJ_cbg_NAD,LESSHSPCT,-1,-1;UNDER5PCT "UNDER5PCT" true true false 8 Double 0 0,First,#,AZ_EJ_cbg_NAD,UNDER5PCT,-1,-1;OVER64PCT "OVER64PCT" true true false 8 Double 0 0,First,#,AZ_EJ_cbg_NAD,OVER64PCT,-1,-1;Shape_Leng "Shape_Leng" true true false 8 Double 0 0,First,#,AZ_EJ_cbg_NAD,Shape_Leng,-1,-1;GEOID_1 "GEOID_1" true true false 254 Text 0 0,First,#,AZ_EJ_cbg_NAD,GEOID_1,0,254;Shape_Le_1 "Shape_Length" false true true 8 Double 0 0,First,#,AZ_EJ_cbg_NAD,Shape_Length,-1,-1;Shape_Area "Shape_Area" false true true 8 Double 0 0,First,#,AZ_EJ_cbg_NAD,Shape_Area,-1,-1" #</Process><Process ToolSource="c:\program files\arcgis\pro\Resources\ArcToolbox\toolboxes\Conversion Tools.tbx\FeatureClassToFeatureClass" Date="20201206" Time="215105">FeatureClassToFeatureClass AZ_EJ_cbg_NAD C:\Users\HP\Desktop\Geovis_labs\finalproj\MyProject2 AZ_EJ_cbg_NAD2.shp # "TRACTCE "TRACTCE" true true false 6 Text 0 0,First,#,AZ_EJ_cbg_NAD,TRACTCE,0,6;BLKGRPCE "BLKGRPCE" true true false 1 Text 0 0,First,#,AZ_EJ_cbg_NAD,BLKGRPCE,0,1;GEOID "GEOID" true true false 12 Text 0 0,First,#,AZ_EJ_cbg_NAD,GEOID,0,12;NAMELSAD "NAMELSAD" true true false 13 Text 0 0,First,#,AZ_EJ_cbg_NAD,NAMELSAD,0,13;ALAND "ALAND" true true false 19 Double 0 0,First,#,AZ_EJ_cbg_NAD,ALAND,-1,-1;AWATER "AWATER" true true false 19 Double 0 0,First,#,AZ_EJ_cbg_NAD,AWATER,-1,-1;GEOID_sh "GEOID_sh" true true false 254 Text 0 0,First,#,AZ_EJ_cbg_NAD,GEOID_sh,0,254;OBJECTID "OBJECTID" true true false 10 Long 0 10,First,#,AZ_EJ_cbg_NAD,OBJECTID,-1,-1;ID "ID" true true false 19 Double 0 0,First,#,AZ_EJ_cbg_NAD,ID,-1,-1;ACSTOTPOP "ACSTOTPOP" true true false 10 Long 0 10,First,#,AZ_EJ_cbg_NAD,ACSTOTPOP,-1,-1;D_OZONE_2 "D_OZONE_2" true true false 19 Double 0 0,First,#,AZ_EJ_cbg_NAD,D_OZONE_2,-1,-1;D_DSLPM_2 "D_DSLPM_2" true true false 19 Double 0 0,First,#,AZ_EJ_cbg_NAD,D_DSLPM_2,-1,-1;D_CANCR_2 "D_CANCR_2" true true false 19 Double 0 0,First,#,AZ_EJ_cbg_NAD,D_CANCR_2,-1,-1;D_RESP_2 "D_RESP_2" true true false 19 Double 0 0,First,#,AZ_EJ_cbg_NAD,D_RESP_2,-1,-1;D_PTRAF_2 "D_PTRAF_2" true true false 19 Double 0 0,First,#,AZ_EJ_cbg_NAD,D_PTRAF_2,-1,-1;D_LDPNT_2 "D_LDPNT_2" true true false 19 Double 0 0,First,#,AZ_EJ_cbg_NAD,D_LDPNT_2,-1,-1;D_PNPL_2 "D_PNPL_2" true true false 19 Double 0 0,First,#,AZ_EJ_cbg_NAD,D_PNPL_2,-1,-1;D_PRMP_2 "D_PRMP_2" true true false 19 Double 0 0,First,#,AZ_EJ_cbg_NAD,D_PRMP_2,-1,-1;D_PTSDF_2 "D_PTSDF_2" true true false 19 Double 0 0,First,#,AZ_EJ_cbg_NAD,D_PTSDF_2,-1,-1;D_PWDIS_2 "D_PWDIS_2" true true false 19 Double 0 0,First,#,AZ_EJ_cbg_NAD,D_PWDIS_2,-1,-1;PM25 "PM25" true true false 19 Double 0 0,First,#,AZ_EJ_cbg_NAD,PM25,-1,-1;OZONE "OZONE" true true false 19 Double 0 0,First,#,AZ_EJ_cbg_NAD,OZONE,-1,-1;DSLPM "DSLPM" true true false 19 Double 0 0,First,#,AZ_EJ_cbg_NAD,DSLPM,-1,-1;CANCER "CANCER" true true false 19 Double 0 0,First,#,AZ_EJ_cbg_NAD,CANCER,-1,-1;RESP "RESP" true true false 19 Double 0 0,First,#,AZ_EJ_cbg_NAD,RESP,-1,-1;PTRAF "PTRAF" true true false 19 Double 0 0,First,#,AZ_EJ_cbg_NAD,PTRAF,-1,-1;PRE1960PCT "PRE1960PCT" true true false 19 Double 0 0,First,#,AZ_EJ_cbg_NAD,PRE1960PCT,-1,-1;PNPL "PNPL" true true false 19 Double 0 0,First,#,AZ_EJ_cbg_NAD,PNPL,-1,-1;PRMP "PRMP" true true false 19 Double 0 0,First,#,AZ_EJ_cbg_NAD,PRMP,-1,-1;PTSDF "PTSDF" true true false 19 Double 0 0,First,#,AZ_EJ_cbg_NAD,PTSDF,-1,-1;PWDIS "PWDIS" true true false 19 Double 0 0,First,#,AZ_EJ_cbg_NAD,PWDIS,-1,-1;MINORPCT "MINORPCT" true true false 19 Double 0 0,First,#,AZ_EJ_cbg_NAD,MINORPCT,-1,-1;LOWINCPCT "LOWINCPCT" true true false 19 Double 0 0,First,#,AZ_EJ_cbg_NAD,LOWINCPCT,-1,-1;LINGISOPCT "LINGISOPCT" true true false 19 Double 0 0,First,#,AZ_EJ_cbg_NAD,LINGISOPCT,-1,-1;LESSHSPCT "LESSHSPCT" true true false 19 Double 0 0,First,#,AZ_EJ_cbg_NAD,LESSHSPCT,-1,-1;UNDER5PCT "UNDER5PCT" true true false 19 Double 0 0,First,#,AZ_EJ_cbg_NAD,UNDER5PCT,-1,-1;OVER64PCT "OVER64PCT" true true false 19 Double 0 0,First,#,AZ_EJ_cbg_NAD,OVER64PCT,-1,-1;Shape_Leng "Shape_Leng" true true false 19 Double 0 0,First,#,AZ_EJ_cbg_NAD,Shape_Leng,-1,-1;GEOID_1 "GEOID_1" true true false 254 Text 0 0,First,#,AZ_EJ_cbg_NAD,GEOID_1,0,254;Shape_Le_1 "Shape_Le_1" true true false 19 Double 0 0,First,#,AZ_EJ_cbg_NAD,Shape_Le_1,-1,-1;Shape_Area "Shape_Area" true true false 19 Double 0 0,First,#,AZ_EJ_cbg_NAD,Shape_Area,-1,-1" #</Process></lineage><itemProps><itemLocation><linkage Sync="TRUE">file://\\DESKTOP-MB8K30G\C$\Users\HP\Desktop\Geovis_labs\finalproj\MyProject2\AZ_EJ_cbg_NAD2.shp</linkage><protocol Sync="TRUE">Local Area Network</protocol></itemLocation><itemName Sync="TRUE">AZ_EJ_cbg_NAD2</itemName><imsContentType Sync="TRUE">002</imsContentType><itemSize Sync="TRUE">0.000</itemSize></itemProps><coordRef><type Sync="TRUE">Projected</type><geogcsn Sync="TRUE">GCS_WGS_1984</geogcsn><csUnits Sync="TRUE">Linear Unit: Meter (1.000000)</csUnits><projcsn Sync="TRUE">WGS_1984_UTM_Zone_12N</projcsn><peXml Sync="TRUE">&lt;ProjectedCoordinateSystem xsi:type='typens:ProjectedCoordinateSystem' xmlns:xsi='http://www.w3.org/2001/XMLSchema-instance' xmlns:xs='http://www.w3.org/2001/XMLSchema' xmlns:typens='http://www.esri.com/schemas/ArcGIS/2.5.0'&gt;&lt;WKT&gt;PROJCS[&amp;quot;WGS_1984_UTM_Zone_12N&amp;quot;,GEOGCS[&amp;quot;GCS_WGS_1984&amp;quot;,DATUM[&amp;quot;D_WGS_1984&amp;quot;,SPHEROID[&amp;quot;WGS_1984&amp;quot;,6378137.0,298.257223563]],PRIMEM[&amp;quot;Greenwich&amp;quot;,0.0],UNIT[&amp;quot;Degree&amp;quot;,0.0174532925199433]],PROJECTION[&amp;quot;Transverse_Mercator&amp;quot;],PARAMETER[&amp;quot;False_Easting&amp;quot;,500000.0],PARAMETER[&amp;quot;False_Northing&amp;quot;,0.0],PARAMETER[&amp;quot;Central_Meridian&amp;quot;,-111.0],PARAMETER[&amp;quot;Scale_Factor&amp;quot;,0.9996],PARAMETER[&amp;quot;Latitude_Of_Origin&amp;quot;,0.0],UNIT[&amp;quot;Meter&amp;quot;,1.0],AUTHORITY[&amp;quot;EPSG&amp;quot;,32612]]&lt;/WKT&gt;&lt;XOrigin&gt;-5120900&lt;/XOrigin&gt;&lt;YOrigin&gt;-9998100&lt;/YOrigin&gt;&lt;XYScale&gt;450445547.3910538&lt;/XYScale&gt;&lt;ZOrigin&gt;-100000&lt;/ZOrigin&gt;&lt;ZScale&gt;10000&lt;/ZScale&gt;&lt;MOrigin&gt;-100000&lt;/MOrigin&gt;&lt;MScale&gt;10000&lt;/MScale&gt;&lt;XYTolerance&gt;0.001&lt;/XYTolerance&gt;&lt;ZTolerance&gt;0.001&lt;/ZTolerance&gt;&lt;MTolerance&gt;0.001&lt;/MTolerance&gt;&lt;HighPrecision&gt;true&lt;/HighPrecision&gt;&lt;WKID&gt;32612&lt;/WKID&gt;&lt;LatestWKID&gt;32612&lt;/LatestWKID&gt;&lt;/ProjectedCoordinateSystem&gt;</peXml></coordRef></DataProperties><SyncDate>20201206</SyncDate><SyncTime>21510100</SyncTime><ModDate>20201206</ModDate><ModTime>21510100</ModTime></Esri><dataIdInfo><envirDesc Sync="TRUE">Microsoft Windows 10 Version 10.0 (Build 18363) ; Esri ArcGIS 12.5.1.22081</envirDesc><dataLang><languageCode value="eng" Sync="TRUE"></languageCode><countryCode value="USA" Sync="TRUE"></countryCode></dataLang><idCitation><resTitle Sync="TRUE">AZ_EJ_cbg_NAD2</resTitle><presForm><PresFormCd value="005" Sync="TRUE"></PresFormCd></presForm></idCitation><spatRpType><SpatRepTypCd value="001" Sync="TRUE"></SpatRepTypCd></spatRpType></dataIdInfo><mdLang><languageCode value="eng" Sync="TRUE"></languageCode><countryCode value="USA" Sync="TRUE"></countryCode></mdLang><distInfo><distFormat><formatName Sync="TRUE">Shapefile</formatName></distFormat><distTranOps><transSize Sync="TRUE">0.000</transSize></distTranOps></distInfo><mdHrLv><ScopeCd value="005" Sync="TRUE"></ScopeCd></mdHrLv><mdHrLvName Sync="TRUE">dataset</mdHrLvName><refSysInfo><RefSystem><refSysID><identCode code="32612" Sync="TRUE"></identCode><idCodeSpace Sync="TRUE">EPSG</idCodeSpace><idVersion Sync="TRUE">2.1(3.0.1)</idVersion></refSysID></RefSystem></refSysInfo><spatRepInfo><VectSpatRep><geometObjs Name="AZ_EJ_cbg_NAD2"><geoObjTyp><GeoObjTypCd value="002" Sync="TRUE"></GeoObjTypCd></geoObjTyp><geoObjCnt Sync="TRUE">0</geoObjCnt></geometObjs><topLvl><TopoLevCd value="001" Sync="TRUE"></TopoLevCd></topLvl></VectSpatRep></spatRepInfo><spdoinfo><ptvctinf><esriterm Name="AZ_EJ_cbg_NAD2"><efeatyp Sync="TRUE">Simple</efeatyp><efeageom code="4" Sync="TRUE"></efeageom><esritopo Sync="TRUE">FALSE</esritopo><efeacnt Sync="TRUE">0</efeacnt><spindex Sync="TRUE">FALSE</spindex><linrefer Sync="TRUE">FALSE</linrefer></esriterm></ptvctinf></spdoinfo><eainfo><detailed Name="AZ_EJ_cbg_NAD2"><enttyp><enttypl Sync="TRUE">AZ_EJ_cbg_NAD2</enttypl><enttypt Sync="TRUE">Feature Class</enttypt><enttypc Sync="TRUE">0</enttypc></enttyp><attr><attrlabl Sync="TRUE">FID</attrlabl><attalias Sync="TRUE">FID</attalias><attrtype Sync="TRUE">OID</attrtype><attwidth Sync="TRUE">4</attwidth><atprecis Sync="TRUE">0</atprecis><attscale Sync="TRUE">0</attscale><attrdef Sync="TRUE">Internal feature number.</attrdef><attrdefs Sync="TRUE">Esri</attrdefs><attrdomv><udom Sync="TRUE">Sequential unique whole numbers that are automatically generated.</udom></attrdomv></attr><attr><attrlabl Sync="TRUE">Shape</attrlabl><attalias Sync="TRUE">Shape</attalias><attrtype Sync="TRUE">Geometry</attrtype><attwidth Sync="TRUE">0</attwidth><atprecis Sync="TRUE">0</atprecis><attscale Sync="TRUE">0</attscale><attrdef Sync="TRUE">Feature geometry.</attrdef><attrdefs Sync="TRUE">Esri</attrdefs><attrdomv><udom Sync="TRUE">Coordinates defining the features.</udom></attrdomv></attr><attr><attrlabl Sync="TRUE">TRACTCE</attrlabl><attalias Sync="TRUE">TRACTCE</attalias><attrtype Sync="TRUE">String</attrtype><attwidth Sync="TRUE">6</attwidth><atprecis Sync="TRUE">0</atprecis><attscale Sync="TRUE">0</attscale></attr><attr><attrlabl Sync="TRUE">BLKGRPCE</attrlabl><attalias Sync="TRUE">BLKGRPCE</attalias><attrtype Sync="TRUE">String</attrtype><attwidth Sync="TRUE">1</attwidth><atprecis Sync="TRUE">0</atprecis><attscale Sync="TRUE">0</attscale></attr><attr><attrlabl Sync="TRUE">GEOID</attrlabl><attalias Sync="TRUE">GEOID</attalias><attrtype Sync="TRUE">String</attrtype><attwidth Sync="TRUE">12</attwidth><atprecis Sync="TRUE">0</atprecis><attscale Sync="TRUE">0</attscale></attr><attr><attrlabl Sync="TRUE">NAMELSAD</attrlabl><attalias Sync="TRUE">NAMELSAD</attalias><attrtype Sync="TRUE">String</attrtype><attwidth Sync="TRUE">13</attwidth><atprecis Sync="TRUE">0</atprecis><attscale Sync="TRUE">0</attscale></attr><attr><attrlabl Sync="TRUE">ALAND</attrlabl><attalias Sync="TRUE">ALAND</attalias><attrtype Sync="TRUE">Double</attrtype><attwidth Sync="TRUE">19</attwidth><atprecis Sync="TRUE">0</atprecis><attscale Sync="TRUE">0</attscale></attr><attr><attrlabl Sync="TRUE">AWATER</attrlabl><attalias Sync="TRUE">AWATER</attalias><attrtype Sync="TRUE">Double</attrtype><attwidth Sync="TRUE">19</attwidth><atprecis Sync="TRUE">0</atprecis><attscale Sync="TRUE">0</attscale></attr><attr><attrlabl Sync="TRUE">GEOID_sh</attrlabl><attalias Sync="TRUE">GEOID_sh</attalias><attrtype Sync="TRUE">String</attrtype><attwidth Sync="TRUE">254</attwidth><atprecis Sync="TRUE">0</atprecis><attscale Sync="TRUE">0</attscale></attr><attr><attrlabl Sync="TRUE">OBJECTID</attrlabl><attalias Sync="TRUE">OBJECTID</attalias><attrtype Sync="TRUE">Integer</attrtype><attwidth Sync="TRUE">10</attwidth><atprecis Sync="TRUE">10</atprecis><attscale Sync="TRUE">0</attscale></attr><attr><attrlabl Sync="TRUE">ID</attrlabl><attalias Sync="TRUE">ID</attalias><attrtype Sync="TRUE">Double</attrtype><attwidth Sync="TRUE">19</attwidth><atprecis Sync="TRUE">0</atprecis><attscale Sync="TRUE">0</attscale></attr><attr><attrlabl Sync="TRUE">ACSTOTPOP</attrlabl><attalias Sync="TRUE">ACSTOTPOP</attalias><attrtype Sync="TRUE">Integer</attrtype><attwidth Sync="TRUE">10</attwidth><atprecis Sync="TRUE">10</atprecis><attscale Sync="TRUE">0</attscale></attr><attr><attrlabl Sync="TRUE">D_OZONE_2</attrlabl><attalias Sync="TRUE">D_OZONE_2</attalias><attrtype Sync="TRUE">Double</attrtype><attwidth Sync="TRUE">19</attwidth><atprecis Sync="TRUE">0</atprecis><attscale Sync="TRUE">0</attscale></attr><attr><attrlabl Sync="TRUE">D_DSLPM_2</attrlabl><attalias Sync="TRUE">D_DSLPM_2</attalias><attrtype Sync="TRUE">Double</attrtype><attwidth Sync="TRUE">19</attwidth><atprecis Sync="TRUE">0</atprecis><attscale Sync="TRUE">0</attscale></attr><attr><attrlabl Sync="TRUE">D_CANCR_2</attrlabl><attalias Sync="TRUE">D_CANCR_2</attalias><attrtype Sync="TRUE">Double</attrtype><attwidth Sync="TRUE">19</attwidth><atprecis Sync="TRUE">0</atprecis><attscale Sync="TRUE">0</attscale></attr><attr><attrlabl Sync="TRUE">D_RESP_2</attrlabl><attalias Sync="TRUE">D_RESP_2</attalias><attrtype Sync="TRUE">Double</attrtype><attwidth Sync="TRUE">19</attwidth><atprecis Sync="TRUE">0</atprecis><attscale Sync="TRUE">0</attscale></attr><attr><attrlabl Sync="TRUE">D_PTRAF_2</attrlabl><attalias Sync="TRUE">D_PTRAF_2</attalias><attrtype Sync="TRUE">Double</attrtype><attwidth Sync="TRUE">19</attwidth><atprecis Sync="TRUE">0</atprecis><attscale Sync="TRUE">0</attscale></attr><attr><attrlabl Sync="TRUE">D_LDPNT_2</attrlabl><attalias Sync="TRUE">D_LDPNT_2</attalias><attrtype Sync="TRUE">Double</attrtype><attwidth Sync="TRUE">19</attwidth><atprecis Sync="TRUE">0</atprecis><attscale Sync="TRUE">0</attscale></attr><attr><attrlabl Sync="TRUE">D_PNPL_2</attrlabl><attalias Sync="TRUE">D_PNPL_2</attalias><attrtype Sync="TRUE">Double</attrtype><attwidth Sync="TRUE">19</attwidth><atprecis Sync="TRUE">0</atprecis><attscale Sync="TRUE">0</attscale></attr><attr><attrlabl Sync="TRUE">D_PRMP_2</attrlabl><attalias Sync="TRUE">D_PRMP_2</attalias><attrtype Sync="TRUE">Double</attrtype><attwidth Sync="TRUE">19</attwidth><atprecis Sync="TRUE">0</atprecis><attscale Sync="TRUE">0</attscale></attr><attr><attrlabl Sync="TRUE">D_PTSDF_2</attrlabl><attalias Sync="TRUE">D_PTSDF_2</attalias><attrtype Sync="TRUE">Double</attrtype><attwidth Sync="TRUE">19</attwidth><atprecis Sync="TRUE">0</atprecis><attscale Sync="TRUE">0</attscale></attr><attr><attrlabl Sync="TRUE">D_PWDIS_2</attrlabl><attalias Sync="TRUE">D_PWDIS_2</attalias><attrtype Sync="TRUE">Double</attrtype><attwidth Sync="TRUE">19</attwidth><atprecis Sync="TRUE">0</atprecis><attscale Sync="TRUE">0</attscale></attr><attr><attrlabl Sync="TRUE">PM25</attrlabl><attalias Sync="TRUE">PM25</attalias><attrtype Sync="TRUE">Double</attrtype><attwidth Sync="TRUE">19</attwidth><atprecis Sync="TRUE">0</atprecis><attscale Sync="TRUE">0</attscale></attr><attr><attrlabl Sync="TRUE">OZONE</attrlabl><attalias Sync="TRUE">OZONE</attalias><attrtype Sync="TRUE">Double</attrtype><attwidth Sync="TRUE">19</attwidth><atprecis Sync="TRUE">0</atprecis><attscale Sync="TRUE">0</attscale></attr><attr><attrlabl Sync="TRUE">DSLPM</attrlabl><attalias Sync="TRUE">DSLPM</attalias><attrtype Sync="TRUE">Double</attrtype><attwidth Sync="TRUE">19</attwidth><atprecis Sync="TRUE">0</atprecis><attscale Sync="TRUE">0</attscale></attr><attr><attrlabl Sync="TRUE">CANCER</attrlabl><attalias Sync="TRUE">CANCER</attalias><attrtype Sync="TRUE">Double</attrtype><attwidth Sync="TRUE">19</attwidth><atprecis Sync="TRUE">0</atprecis><attscale Sync="TRUE">0</attscale></attr><attr><attrlabl Sync="TRUE">RESP</attrlabl><attalias Sync="TRUE">RESP</attalias><attrtype Sync="TRUE">Double</attrtype><attwidth Sync="TRUE">19</attwidth><atprecis Sync="TRUE">0</atprecis><attscale Sync="TRUE">0</attscale></attr><attr><attrlabl Sync="TRUE">PTRAF</attrlabl><attalias Sync="TRUE">PTRAF</attalias><attrtype Sync="TRUE">Double</attrtype><attwidth Sync="TRUE">19</attwidth><atprecis Sync="TRUE">0</atprecis><attscale Sync="TRUE">0</attscale></attr><attr><attrlabl Sync="TRUE">PRE1960PCT</attrlabl><attalias Sync="TRUE">PRE1960PCT</attalias><attrtype Sync="TRUE">Double</attrtype><attwidth Sync="TRUE">19</attwidth><atprecis Sync="TRUE">0</atprecis><attscale Sync="TRUE">0</attscale></attr><attr><attrlabl Sync="TRUE">PNPL</attrlabl><attalias Sync="TRUE">PNPL</attalias><attrtype Sync="TRUE">Double</attrtype><attwidth Sync="TRUE">19</attwidth><atprecis Sync="TRUE">0</atprecis><attscale Sync="TRUE">0</attscale></attr><attr><attrlabl Sync="TRUE">PRMP</attrlabl><attalias Sync="TRUE">PRMP</attalias><attrtype Sync="TRUE">Double</attrtype><attwidth Sync="TRUE">19</attwidth><atprecis Sync="TRUE">0</atprecis><attscale Sync="TRUE">0</attscale></attr><attr><attrlabl Sync="TRUE">PTSDF</attrlabl><attalias Sync="TRUE">PTSDF</attalias><attrtype Sync="TRUE">Double</attrtype><attwidth Sync="TRUE">19</attwidth><atprecis Sync="TRUE">0</atprecis><attscale Sync="TRUE">0</attscale></attr><attr><attrlabl Sync="TRUE">PWDIS</attrlabl><attalias Sync="TRUE">PWDIS</attalias><attrtype Sync="TRUE">Double</attrtype><attwidth Sync="TRUE">19</attwidth><atprecis Sync="TRUE">0</atprecis><attscale Sync="TRUE">0</attscale></attr><attr><attrlabl Sync="TRUE">MINORPCT</attrlabl><attalias Sync="TRUE">MINORPCT</attalias><attrtype Sync="TRUE">Double</attrtype><attwidth Sync="TRUE">19</attwidth><atprecis Sync="TRUE">0</atprecis><attscale Sync="TRUE">0</attscale></attr><attr><attrlabl Sync="TRUE">LOWINCPCT</attrlabl><attalias Sync="TRUE">LOWINCPCT</attalias><attrtype Sync="TRUE">Double</attrtype><attwidth Sync="TRUE">19</attwidth><atprecis Sync="TRUE">0</atprecis><attscale Sync="TRUE">0</attscale></attr><attr><attrlabl Sync="TRUE">LINGISOPCT</attrlabl><attalias Sync="TRUE">LINGISOPCT</attalias><attrtype Sync="TRUE">Double</attrtype><attwidth Sync="TRUE">19</attwidth><atprecis Sync="TRUE">0</atprecis><attscale Sync="TRUE">0</attscale></attr><attr><attrlabl Sync="TRUE">LESSHSPCT</attrlabl><attalias Sync="TRUE">LESSHSPCT</attalias><attrtype Sync="TRUE">Double</attrtype><attwidth Sync="TRUE">19</attwidth><atprecis Sync="TRUE">0</atprecis><attscale Sync="TRUE">0</attscale></attr><attr><attrlabl Sync="TRUE">UNDER5PCT</attrlabl><attalias Sync="TRUE">UNDER5PCT</attalias><attrtype Sync="TRUE">Double</attrtype><attwidth Sync="TRUE">19</attwidth><atprecis Sync="TRUE">0</atprecis><attscale Sync="TRUE">0</attscale></attr><attr><attrlabl Sync="TRUE">OVER64PCT</attrlabl><attalias Sync="TRUE">OVER64PCT</attalias><attrtype Sync="TRUE">Double</attrtype><attwidth Sync="TRUE">19</attwidth><atprecis Sync="TRUE">0</atprecis><attscale Sync="TRUE">0</attscale></attr><attr><attrlabl Sync="TRUE">Shape_Leng</attrlabl><attalias Sync="TRUE">Shape_Leng</attalias><attrtype Sync="TRUE">Double</attrtype><attwidth Sync="TRUE">19</attwidth><atprecis Sync="TRUE">0</atprecis><attscale Sync="TRUE">0</attscale></attr><attr><attrlabl Sync="TRUE">GEOID_1</attrlabl><attalias Sync="TRUE">GEOID_1</attalias><attrtype Sync="TRUE">String</attrtype><attwidth Sync="TRUE">254</attwidth><atprecis Sync="TRUE">0</atprecis><attscale Sync="TRUE">0</attscale></attr><attr><attrlabl Sync="TRUE">Shape_Le_1</attrlabl><attalias Sync="TRUE">Shape_Le_1</attalias><attrtype Sync="TRUE">Double</attrtype><attwidth Sync="TRUE">19</attwidth><atprecis Sync="TRUE">0</atprecis><attscale Sync="TRUE">0</attscale></attr><attr><attrlabl Sync="TRUE">Shape_Area</attrlabl><attalias Sync="TRUE">Shape_Area</attalias><attrtype Sync="TRUE">Double</attrtype><attwidth Sync="TRUE">19</attwidth><atprecis Sync="TRUE">0</atprecis><attscale Sync="TRUE">0</attscale><attrdef Sync="TRUE">Area of feature in internal units squared.</attrdef><attrdefs Sync="TRUE">Esri</attrdefs><attrdomv><udom Sync="TRUE">Positive real numbers that are automatically generated.</udom></attrdomv></attr></detailed></eainfo><mdDateSt Sync="TRUE">20201206</mdDateSt></metadata>
